,date,state,death,cure,confirmed,suspected
1,121,China,NA,NA,278,NA
2,121,Korea,NA,NA,1,NA
3,121,Japan,NA,NA,1,NA
4,121,Thailand,NA,NA,2,NA
5,122,China,NA,NA,309,NA
6,122,Korea,NA,NA,1,NA
7,122,Japan,NA,NA,1,NA
8,122,Thailand,NA,NA,2,NA
9,123,China,17,NA,571,NA
10,123,Korea,NA,NA,1,NA
11,123,Japan,NA,NA,1,NA
12,123,Thailand,NA,NA,4,NA
13,123,USA,NA,NA,1,NA
14,124,China,25,NA,830,NA
15,124,Korea,NA,NA,2,NA
16,124,Japan,NA,NA,1,NA
17,124,Singapore,NA,NA,1,NA
18,124,Vietnam,NA,NA,2,NA
19,124,Thailand,NA,NA,4,NA
20,124,USA,NA,NA,1,NA
21,125,China,41,NA,1297,1965
22,125,Korea,NA,NA,2,NA
23,125,Japan,NA,NA,3,NA
24,125,Singapore,NA,NA,3,NA
25,125,Australia,NA,NA,3,NA
26,125,Vietnam,NA,NA,2,NA
27,125,Thailand,NA,NA,4,NA
28,125,Nepal,NA,NA,1,NA
29,125,USA,NA,NA,2,NA
30,125,France,NA,NA,3,NA
31,126,China,56,NA,1985,NA
32,126,Korea,NA,NA,2,NA
33,126,Japan,NA,NA,3,NA
34,126,Singapore,NA,NA,4,NA
35,126,Australia,NA,NA,4,NA
36,126,Malaysia,NA,NA,3,NA
37,126,Vietnam,NA,NA,2,NA
38,126,Thailand,NA,NA,5,NA
39,126,Nepal,NA,NA,1,NA
40,126,USA,NA,NA,2,NA
41,126,France,NA,NA,3,NA
42,127,China,80,NA,2761,5794
43,127,Korea,NA,NA,4,NA
44,127,Japan,NA,NA,4,NA
45,127,Singapore,NA,NA,4,NA
46,127,Australia,NA,NA,4,NA
47,127,Malaysia,NA,NA,4,NA
48,127,Vietnam,NA,NA,2,NA
49,127,Thailand,NA,NA,5,NA
50,127,Nepal,NA,NA,1,NA
51,127,USA,NA,NA,5,NA
52,127,Canada,NA,NA,1,NA
53,127,France,NA,NA,3,NA
54,128,China,106,NA,4537,6973
55,128,Korea,NA,NA,4,NA
56,128,Japan,NA,NA,6,NA
57,128,Singapore,NA,NA,7,NA
58,128,Australia,NA,NA,5,NA
59,128,Malaysia,NA,NA,4,NA
60,128,Vietnam,NA,NA,2,NA
61,128,Cambodia,NA,NA,1,NA
62,128,Thailand,NA,NA,14,NA
63,128,Nepal,NA,NA,1,NA
64,128,Srilank,NA,NA,1,NA
65,128,USA,NA,NA,5,NA
66,128,Canada,NA,NA,2,NA
67,128,Germany,NA,NA,1,NA
68,128,France,NA,NA,3,NA
69,129,China,132,NA,5997,9239
70,129,Korea,NA,NA,4,NA
71,129,Japan,NA,NA,7,NA
72,129,Singapore,NA,NA,7,NA
73,129,Australia,NA,NA,7,NA
74,129,Malaysia,NA,NA,4,NA
75,129,Vietnam,NA,NA,2,NA
76,129,Cambodia,NA,NA,1,NA
77,129,Thailand,NA,NA,14,NA
78,129,Nepal,NA,NA,1,NA
79,129,Srilank,NA,NA,1,NA
80,129,USA,NA,NA,5,NA
81,129,Canada,NA,NA,3,NA
82,129,Germany,NA,NA,4,NA
83,129,France,NA,NA,4,NA
84,129,UAE,NA,NA,4,NA
85,130,China,170,NA,7736,12167
86,130,Korea,NA,NA,4,NA
87,130,Japan,NA,NA,11,NA
88,130,Singapore,NA,NA,10,NA
89,130,Australia,NA,NA,7,NA
90,130,Malaysia,NA,NA,7,NA
91,130,Vietnam,NA,NA,2,NA
92,130,Philippines,NA,NA,1,NA
93,130,Cambodia,NA,NA,1,NA
94,130,Thailand,NA,NA,14,NA
95,130,India,NA,NA,1,NA
96,130,Nepal,NA,NA,1,NA
97,130,Srilank,NA,NA,1,NA
98,130,USA,NA,NA,5,NA
99,130,Canada,NA,NA,3,NA
100,130,Germany,NA,NA,4,NA
101,130,France,NA,NA,5,NA
102,130,Finland,NA,NA,1,NA
103,130,UAE,NA,NA,4,NA
104,131,China,213,NA,9720,15238
105,131,Korea,NA,NA,11,NA
106,131,Japan,NA,NA,14,NA
107,131,Singapore,NA,NA,13,NA
108,131,Australia,NA,NA,9,NA
109,131,Malaysia,NA,NA,8,NA
110,131,Vietnam,NA,NA,5,NA
111,131,Philippines,NA,NA,1,NA
112,131,Cambodia,NA,NA,1,NA
113,131,Thailand,NA,NA,14,NA
114,131,India,NA,NA,1,NA
115,131,Nepal,NA,NA,1,NA
116,131,Srilank,NA,NA,1,NA
117,131,USA,NA,NA,6,NA
118,131,Canada,NA,NA,3,NA
119,131,Italy,NA,NA,2,NA
120,131,Germany,NA,NA,5,NA
121,131,France,NA,NA,6,NA
122,131,Finland,NA,NA,1,NA
123,131,UAE,NA,NA,4,NA
124,201,China,259,NA,11821,NA
125,201,Korea,NA,NA,12,NA
126,201,Japan,NA,NA,17,NA
127,201,Singapore,NA,NA,16,NA
128,201,Australia,NA,NA,12,NA
129,201,Malaysia,NA,NA,8,NA
130,201,Vietnam,NA,NA,6,NA
131,201,Philippines,NA,NA,1,NA
132,201,Cambodia,NA,NA,1,NA
133,201,Thailand,NA,NA,19,NA
134,201,India,NA,NA,1,NA
135,201,Nepal,NA,NA,1,NA
136,201,Srilank,NA,NA,1,NA
137,201,USA,NA,NA,7,NA
138,201,Canada,NA,NA,4,NA
139,201,Italy,NA,NA,2,NA
140,201,Germany,NA,NA,7,NA
141,201,France,NA,NA,6,NA
142,201,UK,NA,NA,2,NA
143,201,Russian.Federation,NA,NA,2,NA
144,201,Spain,NA,NA,1,NA
145,201,Finland,NA,NA,1,NA
146,201,Sweden,NA,NA,1,NA
147,201,UAE,NA,NA,4,NA
148,202,China,304,NA,14411,NA
149,202,Korea,NA,NA,15,NA
150,202,Japan,NA,NA,20,NA
151,202,Singapore,NA,NA,18,NA
152,202,Australia,NA,NA,12,NA
153,202,Malaysia,NA,NA,8,NA
154,202,Vietnam,NA,NA,7,NA
155,202,Philippines,NA,NA,2,NA
156,202,Cambodia,NA,NA,1,NA
157,202,Thailand,NA,NA,19,NA
158,202,India,NA,NA,2,NA
159,202,Nepal,NA,NA,1,NA
160,202,Srilank,NA,NA,1,NA
161,202,USA,NA,NA,8,NA
162,202,Canada,NA,NA,4,NA
163,202,Italy,NA,NA,2,NA
164,202,Germany,NA,NA,8,NA
165,202,France,NA,NA,6,NA
166,202,UK,NA,NA,2,NA
167,202,Russian.Federation,NA,NA,2,NA
168,202,Spain,NA,NA,1,NA
169,202,Finland,NA,NA,1,NA
170,202,Sweden,NA,NA,1,NA
171,202,UAE,NA,NA,5,NA
172,203,China,361,NA,17238,NA
173,203,Korea,0,NA,15,NA
174,203,Japan,0,NA,20,NA
175,203,Singapore,0,NA,18,NA
176,203,Australia,0,NA,12,NA
177,203,Malaysia,0,NA,8,NA
178,203,Vietnam,0,NA,8,NA
179,203,Philippines,1,NA,2,NA
180,203,Cambodia,0,NA,1,NA
181,203,Thailand,0,NA,19,NA
182,203,India,0,NA,3,NA
183,203,Nepal,0,NA,1,NA
184,203,Srilank,0,NA,1,NA
185,203,USA,0,NA,11,NA
186,203,Canada,0,NA,4,NA
187,203,Italy,0,NA,2,NA
188,203,Germany,0,NA,10,NA
189,203,France,0,NA,6,NA
190,203,UK,0,NA,2,NA
191,203,Russian.Federation,0,NA,2,NA
192,203,Spain,0,NA,1,NA
193,203,Finland,0,NA,1,NA
194,203,Sweden,0,NA,1,NA
195,203,UAE,0,NA,5,NA
196,204,China,425,NA,20471,NA
197,204,Korea,0,NA,16,NA
198,204,Japan,0,NA,20,NA
199,204,Singapore,0,NA,18,NA
200,204,Australia,0,NA,12,NA
201,204,Malaysia,0,NA,10,NA
202,204,Vietnam,0,NA,9,NA
203,204,Philippines,1,NA,2,NA
204,204,Cambodia,0,NA,1,NA
205,204,Thailand,0,NA,19,NA
206,204,India,0,NA,3,NA
207,204,Nepal,0,NA,1,NA
208,204,Srilank,0,NA,1,NA
209,204,USA,0,NA,11,NA
210,204,Canada,0,NA,4,NA
211,204,Italy,0,NA,2,NA
212,204,Germany,0,NA,12,NA
213,204,France,0,NA,6,NA
214,204,UK,0,NA,2,NA
215,204,Russian.Federation,0,NA,2,NA
216,204,Spain,0,NA,1,NA
217,204,Finland,0,NA,1,NA
218,204,Sweden,0,NA,1,NA
219,204,UAE,0,NA,5,NA
220,205,China,491,NA,24363,NA
221,205,Korea,0,NA,18,NA
222,205,Japan,0,NA,33,NA
223,205,Singapore,0,NA,24,NA
224,205,Australia,0,NA,13,NA
225,205,Malaysia,0,NA,10,NA
226,205,Vietnam,0,NA,10,NA
227,205,Philippines,1,NA,3,NA
228,205,Cambodia,0,NA,1,NA
229,205,Thailand,0,NA,25,NA
230,205,India,0,NA,3,NA
231,205,Nepal,0,NA,1,NA
232,205,Srilank,0,NA,1,NA
233,205,USA,0,NA,11,NA
234,205,Canada,0,NA,5,NA
235,205,Italy,0,NA,2,NA
236,205,Germany,0,NA,12,NA
237,205,France,0,NA,6,NA
238,205,UK,0,NA,2,NA
239,205,Russian.Federation,0,NA,2,NA
240,205,Spain,0,NA,1,NA
241,205,Belgium,0,NA,1,NA
242,205,Finland,0,NA,1,NA
243,205,Sweden,0,NA,1,NA
244,205,UAE,0,NA,5,NA
245,206,China,564,NA,28060,NA
246,206,Korea,0,NA,23,NA
247,206,Japan,0,NA,25,NA
248,206,Singapore,0,NA,28,NA
249,206,Australia,0,NA,14,NA
250,206,Malaysia,0,NA,12,NA
251,206,Vietnam,0,NA,10,NA
252,206,Philippines,1,NA,3,NA
253,206,Cambodia,0,NA,1,NA
254,206,Thailand,0,NA,25,NA
255,206,India,0,NA,3,NA
256,206,Nepal,0,NA,1,NA
257,206,Srilank,0,NA,1,NA
258,206,USA,0,NA,12,NA
259,206,Canada,0,NA,5,NA
260,206,Italy,0,NA,2,NA
261,206,Germany,0,NA,12,NA
262,206,France,0,NA,6,NA
263,206,UK,0,NA,2,NA
264,206,Russian.Federation,0,NA,2,NA
265,206,Spain,0,NA,1,NA
266,206,Belgium,0,NA,1,NA
267,206,Finland,0,NA,1,NA
268,206,Sweden,0,NA,1,NA
269,206,UAE,0,NA,5,NA
270,206,International_conveyance_diamond_princess,0,NA,20,NA
271,207,China,637,NA,31211,NA
272,207,Korea,0,NA,24,NA
273,207,Japan,0,NA,25,NA
274,207,Singapore,0,NA,30,NA
275,207,Australia,0,NA,15,NA
276,207,Malaysia,0,NA,14,NA
277,207,Vietnam,0,NA,12,NA
278,207,Philippines,1,NA,3,NA
279,207,Cambodia,0,NA,1,NA
280,207,Thailand,0,NA,25,NA
281,207,India,0,NA,3,NA
282,207,Nepal,0,NA,1,NA
283,207,Srilank,0,NA,1,NA
284,207,USA,0,NA,12,NA
285,207,Canada,0,NA,7,NA
286,207,Italy,0,NA,3,NA
287,207,Germany,0,NA,13,NA
288,207,France,0,NA,6,NA
289,207,UK,0,NA,3,NA
290,207,Russian.Federation,0,NA,2,NA
291,207,Spain,0,NA,1,NA
292,207,Belgium,0,NA,1,NA
293,207,Finland,0,NA,1,NA
294,207,Sweden,0,NA,1,NA
295,207,UAE,0,NA,5,NA
296,207,International_conveyance_diamond_princess,0,NA,61,NA
297,208,China,723,NA,34598,NA
298,208,Korea,0,NA,24,NA
299,208,Japan,0,NA,25,NA
300,208,Singapore,0,NA,33,NA
301,208,Australia,0,NA,15,NA
302,208,Malaysia,0,NA,15,NA
303,208,Vietnam,0,NA,13,NA
304,208,Philippines,1,NA,3,NA
305,208,Cambodia,0,NA,1,NA
306,208,Thailand,0,NA,32,NA
307,208,India,0,NA,3,NA
308,208,Nepal,0,NA,1,NA
309,208,Srilank,0,NA,1,NA
310,208,USA,0,NA,12,NA
311,208,Canada,0,NA,7,NA
312,208,Italy,0,NA,3,NA
313,208,Germany,0,NA,14,NA
314,208,France,0,NA,6,NA
315,208,UK,0,NA,3,NA
316,208,Russian.Federation,0,NA,2,NA
317,208,Spain,0,NA,1,NA
318,208,Belgium,0,NA,1,NA
319,208,Finland,0,NA,1,NA
320,208,Sweden,0,NA,1,NA
321,208,UAE,0,NA,7,NA
322,208,International_conveyance_diamond_princess,0,NA,64,NA
323,209,China,812,NA,37251,NA
324,209,Korea,0,NA,27,NA
325,209,Japan,0,NA,26,NA
326,209,Singapore,0,NA,40,NA
327,209,Australia,0,NA,15,NA
328,209,Malaysia,0,NA,17,NA
329,209,Vietnam,0,NA,14,NA
330,209,Philippines,1,NA,3,NA
331,209,Cambodia,0,NA,1,NA
332,209,Thailand,0,NA,32,NA
333,209,India,0,NA,3,NA
334,209,Nepal,0,NA,1,NA
335,209,Srilank,0,NA,1,NA
336,209,USA,0,NA,12,NA
337,209,Canada,0,NA,7,NA
338,209,Italy,0,NA,3,NA
339,209,Germany,0,NA,14,NA
340,209,France,0,NA,11,NA
341,209,UK,0,NA,3,NA
342,209,Russian.Federation,0,NA,2,NA
343,209,Spain,0,NA,1,NA
344,209,Belgium,0,NA,1,NA
345,209,Finland,0,NA,1,NA
346,209,Sweden,0,NA,1,NA
347,209,UAE,0,NA,7,NA
348,209,International_conveyance_diamond_princess,0,NA,64,NA
349,210,China,909,NA,40235,NA
350,210,Korea,0,NA,27,NA
351,210,Japan,0,NA,26,NA
352,210,Singapore,0,NA,43,NA
353,210,Australia,0,NA,15,NA
354,210,Malaysia,0,NA,18,NA
355,210,Vietnam,0,NA,14,NA
356,210,Philippines,1,NA,3,NA
357,210,Cambodia,0,NA,1,NA
358,210,Thailand,0,NA,32,NA
359,210,India,0,NA,3,NA
360,210,Nepal,0,NA,1,NA
361,210,Srilank,0,NA,1,NA
362,210,USA,0,NA,12,NA
363,210,Canada,0,NA,7,NA
364,210,Italy,0,NA,3,NA
365,210,Germany,0,NA,14,NA
366,210,France,0,NA,11,NA
367,210,UK,0,NA,4,NA
368,210,Russian.Federation,0,NA,2,NA
369,210,Spain,0,NA,2,NA
370,210,Belgium,0,NA,1,NA
371,210,Finland,0,NA,1,NA
372,210,Sweden,0,NA,1,NA
373,210,UAE,0,NA,7,NA
374,210,International_conveyance_diamond_princess,0,NA,70,NA
375,211,China,1017,NA,42708,NA
376,211,Korea,0,NA,28,NA
377,211,Japan,0,NA,26,NA
378,211,Singapore,0,NA,45,NA
379,211,Australia,0,NA,15,NA
380,211,Malaysia,0,NA,18,NA
381,211,Vietnam,0,NA,15,NA
382,211,Philippines,1,NA,3,NA
383,211,Cambodia,0,NA,1,NA
384,211,Thailand,0,NA,33,NA
385,211,India,0,NA,3,NA
386,211,Nepal,0,NA,1,NA
387,211,Srilank,0,NA,1,NA
388,211,USA,0,NA,13,NA
389,211,Canada,0,NA,7,NA
390,211,Italy,0,NA,3,NA
391,211,Germany,0,NA,14,NA
392,211,France,0,NA,11,NA
393,211,UK,0,NA,8,NA
394,211,Russian.Federation,0,NA,2,NA
395,211,Spain,0,NA,2,NA
396,211,Belgium,0,NA,1,NA
397,211,Finland,0,NA,1,NA
398,211,Sweden,0,NA,1,NA
399,211,UAE,0,NA,8,NA
400,211,International_conveyance_diamond_princess,0,NA,135,NA
401,212,China,1114,NA,44730,NA
402,212,Korea,0,NA,28,NA
403,212,Japan,0,NA,28,NA
404,212,Singapore,0,NA,47,NA
405,212,Australia,0,NA,15,NA
406,212,Malaysia,0,NA,18,NA
407,212,Vietnam,0,NA,15,NA
408,212,Philippines,1,NA,3,NA
409,212,Cambodia,0,NA,1,NA
410,212,Thailand,0,NA,33,NA
411,212,India,0,NA,3,NA
412,212,Nepal,0,NA,1,NA
413,212,Srilank,0,NA,1,NA
414,212,USA,0,NA,13,NA
415,212,Canada,0,NA,7,NA
416,212,Italy,0,NA,3,NA
417,212,Germany,0,NA,16,NA
418,212,France,0,NA,11,NA
419,212,UK,0,NA,8,NA
420,212,Russian.Federation,0,NA,2,NA
421,212,Spain,0,NA,2,NA
422,212,Belgium,0,NA,1,NA
423,212,Finland,0,NA,1,NA
424,212,Sweden,0,NA,1,NA
425,212,UAE,0,NA,8,NA
426,212,International_conveyance_diamond_princess,0,NA,175,NA
427,213,China,1368,NA,46550,NA
428,213,Korea,0,NA,28,NA
429,213,Japan,0,NA,29,NA
430,213,Singapore,0,NA,50,NA
431,213,Australia,0,NA,15,NA
432,213,Malaysia,0,NA,18,NA
433,213,Vietnam,0,NA,16,NA
434,213,Philippines,1,NA,3,NA
435,213,Cambodia,0,NA,1,NA
436,213,Thailand,0,NA,33,NA
437,213,India,0,NA,3,NA
438,213,Nepal,0,NA,1,NA
439,213,Srilank,0,NA,1,NA
440,213,USA,0,NA,14,NA
441,213,Canada,0,NA,7,NA
442,213,Italy,0,NA,3,NA
443,213,Germany,0,NA,16,NA
444,213,France,0,NA,11,NA
445,213,UK,0,NA,9,NA
446,213,Russian.Federation,0,NA,2,NA
447,213,Spain,0,NA,2,NA
448,213,Belgium,0,NA,1,NA
449,213,Finland,0,NA,1,NA
450,213,Sweden,0,NA,1,NA
451,213,UAE,0,NA,8,NA
452,213,International_conveyance_diamond_princess,0,NA,174,NA
453,214,China,1381,NA,63932,2450
454,214,Korea,0,NA,28,NA
455,214,Japan,1,NA,33,NA
456,214,Singapore,0,NA,58,NA
457,214,Australia,0,NA,15,NA
458,214,Malaysia,0,NA,19,NA
459,214,Vietnam,0,NA,16,NA
460,214,Philippines,1,NA,3,NA
461,214,Cambodia,0,NA,1,NA
462,214,Thailand,0,NA,33,NA
463,214,India,0,NA,3,NA
464,214,Nepal,0,NA,1,NA
465,214,Srilank,0,NA,1,NA
466,214,USA,0,NA,15,NA
467,214,Canada,0,NA,7,NA
468,214,Italy,0,NA,3,NA
469,214,Germany,0,NA,16,NA
470,214,France,0,NA,11,NA
471,214,UK,0,NA,9,NA
472,214,Russian.Federation,0,NA,2,NA
473,214,Spain,0,NA,2,NA
474,214,Belgium,0,NA,1,NA
475,214,Finland,0,NA,1,NA
476,214,Sweden,0,NA,1,NA
477,214,UAE,0,NA,8,NA
478,214,International_conveyance_diamond_princess,0,NA,218,NA
479,215,China,1524,NA,66576,2277
480,215,Korea,0,NA,28,NA
481,215,Japan,1,NA,41,NA
482,215,Singapore,0,NA,67,NA
483,215,Australia,0,NA,15,NA
484,215,Malaysia,0,NA,21,NA
485,215,Vietnam,0,NA,16,NA
486,215,Philippines,1,NA,3,NA
487,215,Cambodia,0,NA,1,NA
488,215,Thailand,0,NA,34,NA
489,215,India,0,NA,3,NA
490,215,Nepal,0,NA,1,NA
491,215,Srilank,0,NA,1,NA
492,215,USA,0,NA,15,NA
493,215,Canada,0,NA,7,NA
494,215,Italy,0,NA,3,NA
495,215,Germany,0,NA,16,NA
496,215,France,0,NA,11,NA
497,215,UK,0,NA,9,NA
498,215,Russian.Federation,0,NA,2,NA
499,215,Spain,0,NA,2,NA
500,215,Belgium,0,NA,1,NA
501,215,Finland,0,NA,1,NA
502,215,Sweden,0,NA,1,NA
503,215,UAE,0,NA,8,NA
504,215,Egypt,0,NA,1,NA
505,215,International_conveyance_diamond_princess,0,NA,218,NA
506,216,China,1666,NA,68584,1918
507,216,Korea,0,NA,29,NA
508,216,Japan,1,NA,53,NA
509,216,Singapore,0,NA,72,NA
510,216,Australia,0,NA,15,NA
511,216,Malaysia,0,NA,22,NA
512,216,Vietnam,0,NA,16,NA
513,216,Philippines,1,NA,3,NA
514,216,Cambodia,0,NA,1,NA
515,216,Thailand,0,NA,34,NA
516,216,India,0,NA,3,NA
517,216,Nepal,0,NA,1,NA
518,216,Srilank,0,NA,1,NA
519,216,USA,0,NA,15,NA
520,216,Canada,0,NA,7,NA
521,216,Italy,0,NA,3,NA
522,216,Germany,0,NA,16,NA
523,216,France,1,NA,12,NA
524,216,UK,0,NA,9,NA
525,216,Russian.Federation,0,NA,2,NA
526,216,Spain,0,NA,2,NA
527,216,Belgium,0,NA,1,NA
528,216,Finland,0,NA,1,NA
529,216,Sweden,0,NA,1,NA
530,216,UAE,0,NA,8,NA
531,216,Egypt,0,NA,1,NA
532,216,International_conveyance_diamond_princess,0,NA,355,NA
533,217,China,1772,NA,70635,1563
534,217,Korea,0,NA,30,NA
535,217,Japan,1,NA,59,NA
536,217,Singapore,0,NA,75,NA
537,217,Australia,0,NA,15,NA
538,217,Malaysia,0,NA,22,NA
539,217,Vietnam,0,NA,16,NA
540,217,Philippines,1,NA,3,NA
541,217,Cambodia,0,NA,1,NA
542,217,Thailand,0,NA,35,NA
543,217,India,0,NA,3,NA
544,217,Nepal,0,NA,1,NA
545,217,Srilank,0,NA,1,NA
546,217,USA,0,NA,15,NA
547,217,Canada,0,NA,7,NA
548,217,Italy,0,NA,3,NA
549,217,Germany,0,NA,16,NA
550,217,France,1,NA,12,NA
551,217,UK,0,NA,9,NA
552,217,Russian.Federation,0,NA,2,NA
553,217,Spain,0,NA,2,NA
554,217,Belgium,0,NA,1,NA
555,217,Finland,0,NA,1,NA
556,217,Sweden,0,NA,1,NA
557,217,UAE,0,NA,9,NA
558,217,Egypt,0,NA,1,NA
559,217,International_conveyance_diamond_princess,0,NA,454,NA
560,218,China,1870,NA,72528,1432
561,218,Korea,0,NA,31,NA
562,218,Japan,1,NA,65,NA
563,218,Singapore,0,NA,77,NA
564,218,Australia,0,NA,15,NA
565,218,Malaysia,0,NA,22,NA
566,218,Vietnam,0,NA,16,NA
567,218,Philippines,1,NA,3,NA
568,218,Cambodia,0,NA,1,NA
569,218,Thailand,0,NA,35,NA
570,218,India,0,NA,3,NA
571,218,Nepal,0,NA,1,NA
572,218,Srilank,0,NA,1,NA
573,218,USA,0,NA,15,NA
574,218,Canada,0,NA,8,NA
575,218,Italy,0,NA,3,NA
576,218,Germany,0,NA,16,NA
577,218,France,1,NA,12,NA
578,218,UK,0,NA,9,NA
579,218,Russian.Federation,0,NA,2,NA
580,218,Spain,0,NA,2,NA
581,218,Belgium,0,NA,1,NA
582,218,Finland,0,NA,1,NA
583,218,Sweden,0,NA,1,NA
584,218,UAE,0,NA,9,NA
585,218,Egypt,0,NA,1,NA
586,218,International_conveyance_diamond_princess,0,NA,454,NA
587,219,China,2006,NA,74280,1185
588,219,Korea,0,NA,51,NA
589,219,Japan,1,NA,73,NA
590,219,Singapore,0,NA,81,NA
591,219,Australia,0,NA,15,NA
592,219,Malaysia,0,NA,22,NA
593,219,Vietnam,0,NA,16,NA
594,219,Philippines,1,NA,3,NA
595,219,Cambodia,0,NA,1,NA
596,219,Thailand,0,NA,35,NA
597,219,India,0,NA,3,NA
598,219,Nepal,0,NA,1,NA
599,219,Srilank,0,NA,1,NA
600,219,USA,0,NA,15,NA
601,219,Canada,0,NA,8,NA
602,219,Italy,0,NA,3,NA
603,219,Germany,0,NA,16,NA
604,219,France,1,NA,12,NA
605,219,UK,0,NA,9,NA
606,219,Russian.Federation,0,NA,2,NA
607,219,Spain,0,NA,2,NA
608,219,Belgium,0,NA,1,NA
609,219,Finland,0,NA,1,NA
610,219,Sweden,0,NA,1,NA
611,219,UAE,0,NA,9,NA
612,219,Egypt,0,NA,1,NA
613,219,International_conveyance_diamond_princess,0,NA,542,NA
614,220,China,2121,NA,74675,1277
615,220,Korea,1,NA,104,NA
616,220,Japan,1,NA,85,NA
617,220,Singapore,0,NA,84,NA
618,220,Australia,0,NA,15,NA
619,220,Malaysia,0,NA,22,NA
620,220,Vietnam,0,NA,16,NA
621,220,Philippines,1,NA,3,NA
622,220,Cambodia,0,NA,1,NA
623,220,Thailand,0,NA,35,NA
624,220,India,0,NA,3,NA
625,220,Nepal,0,NA,1,NA
626,220,Srilank,0,NA,1,NA
627,220,USA,0,NA,15,NA
628,220,Canada,0,NA,8,NA
629,220,Italy,0,NA,3,NA
630,220,Germany,0,NA,16,NA
631,220,France,1,NA,12,NA
632,220,UK,0,NA,9,NA
633,220,Russian.Federation,0,NA,2,NA
634,220,Spain,0,NA,2,NA
635,220,Belgium,0,NA,1,NA
636,220,Finland,0,NA,1,NA
637,220,Sweden,0,NA,1,NA
638,220,Iran,2,NA,2,NA
639,220,UAE,0,NA,9,NA
640,220,Egypt,0,NA,1,NA
641,220,International_conveyance_diamond_princess,2,NA,621,NA
642,221,China,2239,NA,75569,1614
643,221,Korea,1,NA,204,NA
644,221,Japan,1,NA,93,NA
645,221,Singapore,0,NA,85,NA
646,221,Australia,0,NA,17,NA
647,221,Malaysia,0,NA,22,NA
648,221,Vietnam,0,NA,16,NA
649,221,Philippines,1,NA,3,NA
650,221,Cambodia,0,NA,1,NA
651,221,Thailand,0,NA,35,NA
652,221,India,0,NA,3,NA
653,221,Nepal,0,NA,1,NA
654,221,Srilank,0,NA,1,NA
655,221,USA,0,NA,15,NA
656,221,Canada,0,NA,8,NA
657,221,Italy,0,NA,3,NA
658,221,Germany,0,NA,16,NA
659,221,France,1,NA,12,NA
660,221,UK,0,NA,9,NA
661,221,Russian.Federation,0,NA,2,NA
662,221,Spain,0,NA,2,NA
663,221,Belgium,0,NA,1,NA
664,221,Finland,0,NA,1,NA
665,221,Sweden,0,NA,1,NA
666,221,Iran,2,NA,5,NA
667,221,UAE,0,NA,9,NA
668,221,Egypt,0,NA,1,NA
669,221,International_conveyance_diamond_princess,2,NA,634,NA
670,222,China,2348,NA,76392,1361
671,222,Korea,2,NA,346,NA
672,222,Japan,1,NA,105,NA
673,222,Singapore,0,NA,86,NA
674,222,Australia,0,NA,21,NA
675,222,Malaysia,0,NA,22,NA
676,222,Vietnam,0,NA,16,NA
677,222,Philippines,1,NA,3,NA
678,222,Cambodia,0,NA,1,NA
679,222,Thailand,0,NA,35,NA
680,222,India,0,NA,3,NA
681,222,Nepal,0,NA,1,NA
682,222,Srilank,0,NA,1,NA
683,222,USA,0,NA,35,NA
684,222,Canada,0,NA,8,NA
685,222,Italy,0,NA,9,NA
686,222,Germany,0,NA,16,NA
687,222,France,1,NA,12,NA
688,222,UK,0,NA,9,NA
689,222,Israel,0,NA,1,NA
690,222,Russian.Federation,0,NA,2,NA
691,222,Spain,0,NA,2,NA
692,222,Belgium,0,NA,1,NA
693,222,Finland,0,NA,1,NA
694,222,Sweden,0,NA,1,NA
695,222,Iran,4,NA,18,NA
696,222,UAE,0,NA,11,NA
697,222,Egypt,0,NA,1,NA
698,222,Lebanon,0,NA,1,NA
699,222,International_conveyance_diamond_princess,2,NA,634,NA
700,223,China,2445,NA,77042,882
701,223,Korea,5,NA,602,NA
702,223,Japan,1,NA,132,NA
703,223,Singapore,0,NA,89,NA
704,223,Australia,0,NA,22,NA
705,223,Malaysia,0,NA,22,NA
706,223,Vietnam,0,NA,16,NA
707,223,Philippines,1,NA,3,NA
708,223,Cambodia,0,NA,1,NA
709,223,Thailand,0,NA,35,NA
710,223,India,0,NA,3,NA
711,223,Nepal,0,NA,1,NA
712,223,Srilank,0,NA,1,NA
713,223,USA,0,NA,35,NA
714,223,Canada,0,NA,9,NA
715,223,Italy,2,NA,76,NA
716,223,Germany,0,NA,16,NA
717,223,France,1,NA,12,NA
718,223,UK,0,NA,9,NA
719,223,Israel,0,NA,1,NA
720,223,Russian.Federation,0,NA,2,NA
721,223,Spain,0,NA,2,NA
722,223,Belgium,0,NA,1,NA
723,223,Finland,0,NA,1,NA
724,223,Sweden,0,NA,1,NA
725,223,Iran,5,NA,28,NA
726,223,UAE,0,NA,13,NA
727,223,Egypt,0,NA,1,NA
728,223,Lebanon,0,NA,1,NA
729,223,International_conveyance_diamond_princess,2,NA,634,NA
730,224,China,2595,NA,77262,620
731,224,Korea,7,NA,763,NA
732,224,Japan,1,NA,144,NA
733,224,Singapore,0,NA,89,NA
734,224,Australia,0,NA,22,NA
735,224,Malaysia,0,NA,22,NA
736,224,Vietnam,0,NA,16,NA
737,224,Philippines,1,NA,3,NA
738,224,Cambodia,0,NA,1,NA
739,224,Thailand,0,NA,35,NA
740,224,India,0,NA,3,NA
741,224,Nepal,0,NA,1,NA
742,224,Srilank,0,NA,1,NA
743,224,USA,0,NA,35,NA
744,224,Canada,0,NA,9,NA
745,224,Italy,2,NA,124,NA
746,224,Germany,0,NA,16,NA
747,224,France,1,NA,12,NA
748,224,UK,0,NA,9,NA
749,224,Israel,0,NA,1,NA
750,224,Russian.Federation,0,NA,2,NA
751,224,Spain,0,NA,2,NA
752,224,Belgium,0,NA,1,NA
753,224,Finland,0,NA,1,NA
754,224,Sweden,0,NA,1,NA
755,224,Iran,8,NA,43,NA
756,224,UAE,0,NA,13,NA
757,224,Kuwait,0,NA,3,NA
758,224,Egypt,0,NA,1,NA
759,224,Lebanon,0,NA,1,NA
760,224,International_conveyance_diamond_princess,3,NA,695,NA
761,225,China,2666,NA,77780,530
762,225,Korea,10,NA,977,NA
763,225,Japan,1,NA,157,NA
764,225,Singapore,0,NA,90,NA
765,225,Australia,0,NA,22,NA
766,225,Malaysia,0,NA,22,NA
767,225,Vietnam,0,NA,16,NA
768,225,Philippines,1,NA,3,NA
769,225,Cambodia,0,NA,1,NA
770,225,Thailand,0,NA,37,NA
771,225,India,0,NA,3,NA
772,225,Nepal,0,NA,1,NA
773,225,Srilank,0,NA,1,NA
774,225,USA,0,NA,53,NA
775,225,Canada,0,NA,10,NA
776,225,Italy,6,NA,229,NA
777,225,Germany,0,NA,16,NA
778,225,France,1,NA,12,NA
779,225,UK,0,NA,13,NA
780,225,Israel,0,NA,2,NA
781,225,Russian.Federation,0,NA,2,NA
782,225,Spain,0,NA,2,NA
783,225,Belgium,0,NA,1,NA
784,225,Finland,0,NA,1,NA
785,225,Sweden,0,NA,1,NA
786,225,Iran,12,NA,61,NA
787,225,UAE,0,NA,13,NA
788,225,Bahrain,0,NA,8,NA
789,225,Kuwait,0,NA,8,NA
790,225,Oman,0,NA,2,NA
791,225,Afghanistan,0,NA,1,NA
792,225,Egypt,0,NA,1,NA
793,225,Iraq,0,NA,1,NA
794,225,Lebanon,0,NA,1,NA
795,225,International_conveyance_diamond_princess,3,NA,691,NA
796,226,China,2718,NA,78191,439
797,226,Korea,12,NA,1261,NA
798,226,Japan,1,NA,164,NA
799,226,Singapore,0,NA,91,NA
800,226,Australia,0,NA,23,NA
801,226,Malaysia,0,NA,22,NA
802,226,Vietnam,0,NA,16,NA
803,226,Philippines,1,NA,3,NA
804,226,Cambodia,0,NA,1,NA
805,226,Thailand,0,NA,40,NA
806,226,India,0,NA,3,NA
807,226,Nepal,0,NA,1,NA
808,226,Srilank,0,NA,1,NA
809,226,USA,0,NA,53,NA
810,226,Canada,0,NA,10,NA
811,226,Italy,11,NA,322,NA
812,226,Germany,0,NA,18,NA
813,226,France,1,NA,12,NA
814,226,UK,0,NA,13,NA
815,226,Israel,0,NA,2,NA
816,226,Russian.Federation,0,NA,2,NA
817,226,Spain,0,NA,2,NA
818,226,Belgium,0,NA,1,NA
819,226,Finland,0,NA,1,NA
820,226,Sweden,0,NA,1,NA
821,226,Austria,0,NA,2,NA
822,226,Croatia,0,NA,2,NA
823,226,Swizterland,0,NA,1,NA
824,226,Iran,15,NA,95,NA
825,226,UAE,0,NA,13,NA
826,226,Bahrain,0,NA,26,NA
827,226,Kuwait,0,NA,12,NA
828,226,Oman,0,NA,4,NA
829,226,Afghanistan,0,NA,1,NA
830,226,Egypt,0,NA,1,NA
831,226,Iraq,0,NA,5,NA
832,226,Lebanon,0,NA,1,NA
833,226,Algeria,0,NA,1,NA
834,226,International_conveyance_diamond_princess,3,NA,691,NA
835,227,China,2747,NA,78630,508
836,227,Korea,13,NA,1766,NA
837,227,Japan,3,NA,186,NA
838,227,Singapore,0,NA,93,NA
839,227,Australia,0,NA,23,NA
840,227,Malaysia,0,NA,22,NA
841,227,Vietnam,0,NA,16,NA
842,227,Philippines,1,NA,3,NA
843,227,Cambodia,0,NA,1,NA
844,227,Thailand,0,NA,40,NA
845,227,India,0,NA,3,NA
846,227,Nepal,0,NA,1,NA
847,227,Srilank,0,NA,1,NA
848,227,USA,0,NA,59,NA
849,227,Canada,0,NA,11,NA
850,227,Brazil,0,NA,1,NA
851,227,Italy,12,NA,400,NA
852,227,Germany,0,NA,21,NA
853,227,France,2,NA,18,NA
854,227,UK,0,NA,13,NA
855,227,Israel,0,NA,2,NA
856,227,Russian.Federation,0,NA,2,NA
857,227,Spain,0,NA,12,NA
858,227,Belgium,0,NA,1,NA
859,227,Finland,0,NA,2,NA
860,227,Sweden,0,NA,2,NA
861,227,Austria,0,NA,2,NA
862,227,Croatia,0,NA,3,NA
863,227,Swizterland,0,NA,1,NA
864,227,Denmark,0,NA,1,NA
865,227,Estonia,0,NA,1,NA
866,227,Georgia,0,NA,1,NA
867,227,Greece,0,NA,1,NA
868,227,North_Macedonia,0,NA,1,NA
869,227,Norway,0,NA,1,NA
870,227,Romania,0,NA,1,NA
871,227,Iran,22,NA,141,NA
872,227,UAE,0,NA,13,NA
873,227,Bahrain,0,NA,33,NA
874,227,Kuwait,0,NA,43,NA
875,227,Oman,0,NA,4,NA
876,227,Afghanistan,0,NA,1,NA
877,227,Egypt,0,NA,1,NA
878,227,Iraq,0,NA,6,NA
879,227,Lebanon,0,NA,2,NA
880,227,Pakistan,0,NA,2,NA
881,227,Algeria,0,NA,1,NA
882,227,International_conveyance_diamond_princess,4,NA,705,NA
883,228,China,2791,NA,78961,452
884,228,Korea,13,NA,2337,NA
885,228,Japan,4,NA,210,NA
886,228,Singapore,0,NA,96,NA
887,228,Australia,0,NA,23,NA
888,228,Malaysia,0,NA,24,NA
889,228,Vietnam,0,NA,16,NA
890,228,Philippines,1,NA,3,NA
891,228,Cambodia,0,NA,1,NA
892,228,New_zealand,0,NA,1,NA
893,228,Thailand,0,NA,40,NA
894,228,India,0,NA,3,NA
895,228,Nepal,0,NA,1,NA
896,228,Srilank,0,NA,1,NA
897,228,USA,0,NA,59,NA
898,228,Canada,0,NA,11,NA
899,228,Brazil,0,NA,1,NA
900,228,Italy,17,NA,650,NA
901,228,Germany,0,NA,26,NA
902,228,France,2,NA,38,NA
903,228,UK,0,NA,16,NA
904,228,Israel,0,NA,3,NA
905,228,Russian.Federation,0,NA,2,NA
906,228,Belarus,0,NA,1,NA
907,228,Lithuania,0,NA,1,NA
908,228,Netherlands,0,NA,1,NA
909,228,Spain,0,NA,25,NA
910,228,Belgium,0,NA,1,NA
911,228,Finland,0,NA,2,NA
912,228,Sweden,0,NA,7,NA
913,228,Austria,0,NA,4,NA
914,228,Croatia,0,NA,3,NA
915,228,Swizterland,0,NA,6,NA
916,228,Denmark,0,NA,1,NA
917,228,Estonia,0,NA,1,NA
918,228,Georgia,0,NA,1,NA
919,228,Greece,0,NA,3,NA
920,228,North_Macedonia,0,NA,1,NA
921,228,Norway,0,NA,4,NA
922,228,Romania,0,NA,1,NA
923,228,Iran,26,NA,245,NA
924,228,UAE,0,NA,19,NA
925,228,Bahrain,0,NA,33,NA
926,228,Kuwait,0,NA,43,NA
927,228,Oman,0,NA,6,NA
928,228,Afghanistan,0,NA,1,NA
929,228,Egypt,0,NA,1,NA
930,228,Iraq,0,NA,7,NA
931,228,Lebanon,0,NA,2,NA
932,228,Pakistan,0,NA,2,NA
933,228,Algeria,0,NA,1,NA
934,228,Nigeria,0,NA,1,NA
935,228,International_conveyance_diamond_princess,4,NA,705,NA
936,229,China,2838,NA,79394,248
937,229,Korea,17,NA,3150,NA
938,229,Japan,5,NA,230,NA
939,229,Singapore,0,NA,98,NA
940,229,Australia,0,NA,24,NA
941,229,Malaysia,0,NA,24,NA
942,229,Vietnam,0,NA,16,NA
943,229,Philippines,1,NA,3,NA
944,229,Cambodia,0,NA,1,NA
945,229,New_zealand,0,NA,1,NA
946,229,Thailand,0,NA,42,NA
947,229,India,0,NA,3,NA
948,229,Nepal,0,NA,1,NA
949,229,Srilank,0,NA,1,NA
950,229,USA,0,NA,62,NA
951,229,Canada,0,NA,14,NA
952,229,Mexico,0,NA,2,NA
953,229,Brazil,0,NA,1,NA
954,229,Italy,21,NA,888,NA
955,229,Germany,0,NA,57,NA
956,229,France,2,NA,57,NA
957,229,UK,0,NA,20,NA
958,229,Israel,0,NA,5,NA
959,229,Russian.Federation,0,NA,2,NA
960,229,San_marino,0,NA,1,NA
961,229,Belarus,0,NA,1,NA
962,229,Lithuania,0,NA,1,NA
963,229,Netherlands,0,NA,2,NA
964,229,Spain,0,NA,32,NA
965,229,Belgium,0,NA,1,NA
966,229,Finland,0,NA,2,NA
967,229,Sweden,0,NA,12,NA
968,229,Austria,0,NA,5,NA
969,229,Croatia,0,NA,5,NA
970,229,Swizterland,0,NA,10,NA
971,229,Denmark,0,NA,2,NA
972,229,Estonia,0,NA,1,NA
973,229,Georgia,0,NA,2,NA
974,229,Greece,0,NA,3,NA
975,229,North_Macedonia,0,NA,1,NA
976,229,Norway,0,NA,6,NA
977,229,Romania,0,NA,3,NA
978,229,Iran,34,NA,388,NA
979,229,UAE,0,NA,19,NA
980,229,Bahrain,0,NA,38,NA
981,229,Kuwait,0,NA,45,NA
982,229,Oman,0,NA,6,NA
983,229,Afghanistan,0,NA,1,NA
984,229,Egypt,0,NA,1,NA
985,229,Iraq,0,NA,8,NA
986,229,Lebanon,0,NA,2,NA
987,229,Pakistan,0,NA,2,NA
988,229,Algeria,0,NA,1,NA
989,229,Nigeria,0,NA,1,NA
990,229,International_conveyance_diamond_princess,6,NA,705,NA
991,301,China,2873,NA,79968,132
992,301,Korea,18,NA,3736,NA
993,301,Japan,5,NA,239,NA
994,301,Singapore,0,NA,102,NA
995,301,Australia,0,NA,25,NA
996,301,Malaysia,0,NA,24,NA
997,301,Vietnam,0,NA,16,NA
998,301,Philippines,1,NA,3,NA
999,301,Cambodia,0,NA,1,NA
1000,301,New_zealand,0,NA,1,NA
1001,301,Thailand,0,NA,42,NA
1002,301,India,0,NA,3,NA
1003,301,Nepal,0,NA,1,NA
1004,301,Srilank,0,NA,1,NA
1005,301,USA,0,NA,62,NA
1006,301,Canada,0,NA,19,NA
1007,301,Mexico,0,NA,2,NA
1008,301,Brazil,0,NA,2,NA
1009,301,Ecuador,0,NA,1,NA
1010,301,Italy,29,NA,1128,NA
1011,301,Germany,0,NA,57,NA
1012,301,France,2,NA,100,NA
1013,301,UK,0,NA,23,NA
1014,301,Israel,0,NA,7,NA
1015,301,Russian.Federation,0,NA,2,NA
1016,301,San_marino,0,NA,1,NA
1017,301,Belarus,0,NA,1,NA
1018,301,Lithuania,0,NA,1,NA
1019,301,Netherlands,0,NA,7,NA
1020,301,Azerbaijan,0,NA,3,NA
1021,301,Spain,0,NA,45,NA
1022,301,Belgium,0,NA,1,NA
1023,301,Finland,0,NA,2,NA
1024,301,Sweden,0,NA,13,NA
1025,301,Austria,0,NA,10,NA
1026,301,Croatia,0,NA,7,NA
1027,301,Swizterland,0,NA,18,NA
1028,301,Denmark,0,NA,3,NA
1029,301,Estonia,0,NA,1,NA
1030,301,Georgia,0,NA,3,NA
1031,301,Greece,0,NA,3,NA
1032,301,Ireland,0,NA,1,NA
1033,301,Monaco,0,NA,1,NA
1034,301,North_Macedonia,0,NA,1,NA
1035,301,Norway,0,NA,15,NA
1036,301,Romania,0,NA,3,NA
1037,301,Iran,43,NA,593,NA
1038,301,UAE,0,NA,19,NA
1039,301,Bahrain,0,NA,40,NA
1040,301,Kuwait,0,NA,45,NA
1041,301,Oman,0,NA,6,NA
1042,301,Afghanistan,0,NA,1,NA
1043,301,Egypt,0,NA,1,NA
1044,301,Iraq,0,NA,13,NA
1045,301,Lebanon,0,NA,9,NA
1046,301,Pakistan,0,NA,4,NA
1047,301,Qatar,0,NA,1,NA
1048,301,Algeria,0,NA,1,NA
1049,301,Nigeria,0,NA,1,NA
1050,301,International_conveyance_diamond_princess,6,NA,705,NA
1051,302,China,2915,NA,80174,141
1052,302,Korea,22,NA,4212,NA
1053,302,Japan,6,NA,254,NA
1054,302,Singapore,0,NA,106,NA
1055,302,Australia,1,NA,27,NA
1056,302,Malaysia,0,NA,24,NA
1057,302,Vietnam,0,NA,16,NA
1058,302,Philippines,1,NA,3,NA
1059,302,Cambodia,0,NA,1,NA
1060,302,New_zealand,0,NA,1,NA
1061,302,Thailand,1,NA,42,NA
1062,302,India,0,NA,3,NA
1063,302,Indonesia,0,NA,2,NA
1064,302,Nepal,0,NA,1,NA
1065,302,Srilank,0,NA,1,NA
1066,302,USA,0,NA,62,NA
1067,302,Canada,0,NA,19,NA
1068,302,Mexico,0,NA,5,NA
1069,302,Brazil,0,NA,2,NA
1070,302,Dominican_republic,0,NA,1,NA
1071,302,Ecuador,0,NA,1,NA
1072,302,Italy,35,NA,1689,NA
1073,302,Germany,0,NA,129,NA
1074,302,France,2,NA,100,NA
1075,302,UK,0,NA,36,NA
1076,302,Israel,0,NA,7,NA
1077,302,Russian.Federation,0,NA,2,NA
1078,302,Armenia,0,NA,1,NA
1079,302,San_marino,0,NA,1,NA
1080,302,Belarus,0,NA,1,NA
1081,302,Luxembourg,0,NA,1,NA
1082,302,Lithuania,0,NA,1,NA
1083,302,Netherlands,0,NA,13,NA
1084,302,Czechia,0,NA,3,NA
1085,302,Azerbaijan,0,NA,3,NA
1086,302,Spain,0,NA,45,NA
1087,302,Belgium,0,NA,1,NA
1088,302,Finland,0,NA,6,NA
1089,302,Sweden,0,NA,14,NA
1090,302,Austria,0,NA,10,NA
1091,302,Croatia,0,NA,7,NA
1092,302,Swizterland,0,NA,24,NA
1093,302,Denmark,0,NA,4,NA
1094,302,Estonia,0,NA,1,NA
1095,302,Georgia,0,NA,3,NA
1096,302,Greece,0,NA,7,NA
1097,302,Ireland,0,NA,1,NA
1098,302,Monaco,0,NA,1,NA
1099,302,North_Macedonia,0,NA,1,NA
1100,302,Norway,0,NA,19,NA
1101,302,Romania,0,NA,3,NA
1102,302,Iceland,0,NA,2,NA
1103,302,Iran,54,NA,978,NA
1104,302,UAE,0,NA,21,NA
1105,302,Bahrain,0,NA,47,NA
1106,302,Kuwait,0,NA,56,NA
1107,302,Oman,0,NA,6,NA
1108,302,Afghanistan,0,NA,1,NA
1109,302,Egypt,0,NA,2,NA
1110,302,Iraq,0,NA,19,NA
1111,302,Lebanon,0,NA,10,NA
1112,302,Pakistan,0,NA,4,NA
1113,302,Qatar,0,NA,3,NA
1114,302,Algeria,0,NA,1,NA
1115,302,Nigeria,0,NA,1,NA
1116,302,International_conveyance_diamond_princess,6,NA,706,NA
1117,303,China,2946,NA,80304,129
1118,303,Korea,28,NA,4812,NA
1119,303,Japan,6,NA,268,NA
1120,303,Singapore,0,NA,108,NA
1121,303,Australia,1,NA,33,NA
1122,303,Malaysia,0,NA,29,NA
1123,303,Vietnam,0,NA,16,NA
1124,303,Philippines,1,NA,3,NA
1125,303,Cambodia,0,NA,1,NA
1126,303,New_zealand,0,NA,2,NA
1127,303,Thailand,1,NA,43,NA
1128,303,India,0,NA,5,NA
1129,303,Indonesia,0,NA,2,NA
1130,303,Nepal,0,NA,1,NA
1131,303,Srilank,0,NA,1,NA
1132,303,USA,2,NA,64,NA
1133,303,Canada,0,NA,27,NA
1134,303,Mexico,0,NA,5,NA
1135,303,Brazil,0,NA,2,NA
1136,303,Dominican_republic,0,NA,1,NA
1137,303,Ecuador,0,NA,6,NA
1138,303,Italy,52,NA,2036,NA
1139,303,Germany,0,NA,157,NA
1140,303,France,3,NA,191,NA
1141,303,UK,0,NA,39,NA
1142,303,Israel,0,NA,10,NA
1143,303,Russian.Federation,0,NA,3,NA
1144,303,Armenia,0,NA,1,NA
1145,303,San_marino,0,NA,8,NA
1146,303,Belarus,0,NA,1,NA
1147,303,Luxembourg,0,NA,1,NA
1148,303,Lithuania,0,NA,1,NA
1149,303,Netherlands,0,NA,18,NA
1150,303,Czechia,0,NA,3,NA
1151,303,Azerbaijan,0,NA,3,NA
1152,303,Spain,0,NA,114,NA
1153,303,Belgium,0,NA,8,NA
1154,303,Finland,0,NA,7,NA
1155,303,Sweden,0,NA,15,NA
1156,303,Austria,0,NA,18,NA
1157,303,Croatia,0,NA,9,NA
1158,303,Swizterland,0,NA,30,NA
1159,303,Portugal,0,NA,2,NA
1160,303,Andorra,0,NA,1,NA
1161,303,Denmark,0,NA,5,NA
1162,303,Estonia,0,NA,1,NA
1163,303,Georgia,0,NA,3,NA
1164,303,Greece,0,NA,7,NA
1165,303,Ireland,0,NA,1,NA
1166,303,Latvia,0,NA,1,NA
1167,303,Monaco,0,NA,1,NA
1168,303,North_Macedonia,0,NA,1,NA
1169,303,Norway,0,NA,25,NA
1170,303,Romania,0,NA,3,NA
1171,303,Iceland,0,NA,9,NA
1172,303,Iran,66,NA,1501,NA
1173,303,UAE,0,NA,21,NA
1174,303,Bahrain,0,NA,49,NA
1175,303,Kuwait,0,NA,56,NA
1176,303,Oman,0,NA,6,NA
1177,303,Afghanistan,0,NA,1,NA
1178,303,Egypt,0,NA,2,NA
1179,303,Iraq,0,NA,26,NA
1180,303,Lebanon,0,NA,13,NA
1181,303,Pakistan,0,NA,5,NA
1182,303,Qatar,0,NA,7,NA
1183,303,Jordan,0,NA,1,NA
1184,303,Morocco,0,NA,1,NA
1185,303,Saudi_Arabia,0,NA,1,NA
1186,303,Tunisia,0,NA,1,NA
1187,303,Algeria,0,NA,5,NA
1188,303,Nigeria,0,NA,1,NA
1189,303,Senegal,0,NA,1,NA
1190,303,International_conveyance_diamond_princess,6,NA,706,NA
1191,304,China,2984,NA,80422,143
1192,304,Korea,32,NA,5328,NA
1193,304,Japan,6,NA,284,NA
1194,304,Singapore,0,NA,110,NA
1195,304,Australia,1,NA,43,NA
1196,304,Malaysia,0,NA,50,NA
1197,304,Vietnam,0,NA,16,NA
1198,304,Philippines,1,NA,3,NA
1199,304,Cambodia,0,NA,1,NA
1200,304,New_zealand,0,NA,2,NA
1201,304,Thailand,1,NA,43,NA
1202,304,India,0,NA,6,NA
1203,304,Indonesia,0,NA,2,NA
1204,304,Nepal,0,NA,1,NA
1205,304,Srilank,0,NA,1,NA
1206,304,USA,6,NA,108,NA
1207,304,Canada,0,NA,30,NA
1208,304,Mexico,0,NA,5,NA
1209,304,Brazil,0,NA,2,NA
1210,304,Dominican_republic,0,NA,1,NA
1211,304,Ecuador,0,NA,7,NA
1212,304,Argentina,0,NA,1,NA
1213,304,Chile,0,NA,1,NA
1214,304,Italy,80,NA,2502,NA
1215,304,Germany,0,NA,196,NA
1216,304,France,4,NA,212,NA
1217,304,UK,0,NA,51,NA
1218,304,Israel,0,NA,12,NA
1219,304,Russian.Federation,0,NA,3,NA
1220,304,Armenia,0,NA,1,NA
1221,304,San_marino,0,NA,8,NA
1222,304,Belarus,0,NA,1,NA
1223,304,Luxembourg,0,NA,1,NA
1224,304,Lithuania,0,NA,1,NA
1225,304,Netherlands,0,NA,28,NA
1226,304,Czechia,0,NA,5,NA
1227,304,Azerbaijan,0,NA,3,NA
1228,304,Spain,0,NA,151,NA
1229,304,Belgium,0,NA,8,NA
1230,304,Finland,0,NA,7,NA
1231,304,Sweden,0,NA,24,NA
1232,304,Austria,0,NA,24,NA
1233,304,Croatia,0,NA,9,NA
1234,304,Swizterland,0,NA,37,NA
1235,304,Portugal,0,NA,2,NA
1236,304,Andorra,0,NA,1,NA
1237,304,Denmark,0,NA,8,NA
1238,304,Estonia,0,NA,2,NA
1239,304,Georgia,0,NA,3,NA
1240,304,Greece,0,NA,7,NA
1241,304,Ireland,0,NA,2,NA
1242,304,Latvia,0,NA,1,NA
1243,304,Monaco,0,NA,1,NA
1244,304,North_Macedonia,0,NA,1,NA
1245,304,Norway,0,NA,32,NA
1246,304,Romania,0,NA,4,NA
1247,304,Iceland,0,NA,16,NA
1248,304,Poland,0,NA,1,NA
1249,304,Ukraine,0,NA,1,NA
1250,304,Iran,77,NA,2336,NA
1251,304,UAE,0,NA,27,NA
1252,304,Bahrain,0,NA,49,NA
1253,304,Kuwait,0,NA,56,NA
1254,304,Oman,0,NA,12,NA
1255,304,Afghanistan,0,NA,1,NA
1256,304,Egypt,0,NA,2,NA
1257,304,Iraq,0,NA,31,NA
1258,304,Lebanon,0,NA,13,NA
1259,304,Pakistan,0,NA,5,NA
1260,304,Qatar,0,NA,8,NA
1261,304,Jordan,0,NA,1,NA
1262,304,Morocco,0,NA,1,NA
1263,304,Saudi_Arabia,0,NA,1,NA
1264,304,Tunisia,0,NA,1,NA
1265,304,Algeria,0,NA,5,NA
1266,304,Nigeria,0,NA,1,NA
1267,304,Senegal,0,NA,1,NA
1268,304,International_conveyance_diamond_princess,6,NA,706,NA
1269,305,China,3015,NA,80565,143
1270,305,Korea,35,NA,5766,NA
1271,305,Japan,6,NA,317,NA
1272,305,Singapore,0,NA,110,NA
1273,305,Australia,3,NA,66,NA
1274,305,Malaysia,0,NA,50,NA
1275,305,Vietnam,0,NA,16,NA
1276,305,Philippines,1,NA,3,NA
1277,305,Cambodia,0,NA,1,NA
1278,305,New_zealand,0,NA,2,NA
1279,305,Thailand,1,NA,47,NA
1280,305,India,0,NA,29,NA
1281,305,Indonesia,0,NA,2,NA
1282,305,Nepal,0,NA,1,NA
1283,305,Srilank,0,NA,1,NA
1284,305,USA,9,NA,129,NA
1285,305,Canada,0,NA,30,NA
1286,305,Mexico,0,NA,5,NA
1287,305,Brazil,0,NA,3,NA
1288,305,Dominican_republic,0,NA,1,NA
1289,305,Ecuador,0,NA,7,NA
1290,305,Argentina,0,NA,1,NA
1291,305,Chile,0,NA,1,NA
1292,305,Saint_Martin,0,NA,2,NA
1293,305,Saint_Barthelemy,0,NA,1,NA
1294,305,Italy,107,NA,3089,NA
1295,305,Germany,0,NA,262,NA
1296,305,France,4,NA,282,NA
1297,305,UK,0,NA,89,NA
1298,305,Israel,0,NA,15,NA
1299,305,Russian.Federation,0,NA,3,NA
1300,305,Bosnia_and_Herzegovina,0,NA,2,NA
1301,305,Armenia,0,NA,1,NA
1302,305,San_marino,0,NA,16,NA
1303,305,Belarus,0,NA,6,NA
1304,305,Luxembourg,0,NA,1,NA
1305,305,Lithuania,0,NA,1,NA
1306,305,Netherlands,0,NA,38,NA
1307,305,Czechia,0,NA,5,NA
1308,305,Azerbaijan,0,NA,3,NA
1309,305,Spain,1,NA,198,NA
1310,305,Belgium,0,NA,23,NA
1311,305,Finland,0,NA,7,NA
1312,305,Sweden,0,NA,35,NA
1313,305,Austria,0,NA,37,NA
1314,305,Croatia,0,NA,9,NA
1315,305,Swizterland,0,NA,56,NA
1316,305,Portugal,0,NA,7,NA
1317,305,Andorra,0,NA,1,NA
1318,305,Denmark,0,NA,10,NA
1319,305,Estonia,0,NA,2,NA
1320,305,Hungary,0,NA,2,NA
1321,305,Georgia,0,NA,3,NA
1322,305,Greece,0,NA,9,NA
1323,305,Ireland,0,NA,2,NA
1324,305,Latvia,0,NA,1,NA
1325,305,Monaco,0,NA,1,NA
1326,305,North_Macedonia,0,NA,1,NA
1327,305,Norway,0,NA,56,NA
1328,305,Romania,0,NA,4,NA
1329,305,Iceland,0,NA,26,NA
1330,305,Poland,0,NA,1,NA
1331,305,Slovenia,0,NA,1,NA
1332,305,Ukraine,0,NA,1,NA
1333,305,Liechtenstein,0,NA,1,NA
1334,305,Gibraltar,0,NA,1,NA
1335,305,Iran,92,NA,2922,NA
1336,305,UAE,0,NA,27,NA
1337,305,Bahrain,0,NA,49,NA
1338,305,Kuwait,0,NA,58,NA
1339,305,Oman,0,NA,15,NA
1340,305,Afghanistan,0,NA,1,NA
1341,305,Egypt,0,NA,2,NA
1342,305,Iraq,2,NA,36,NA
1343,305,Lebanon,0,NA,13,NA
1344,305,Pakistan,0,NA,5,NA
1345,305,Qatar,0,NA,8,NA
1346,305,Jordan,0,NA,1,NA
1347,305,Morocco,0,NA,2,NA
1348,305,Saudi_Arabia,0,NA,2,NA
1349,305,Tunisia,0,NA,1,NA
1350,305,Occupied_Palestinian_territory,0,NA,4,NA
1351,305,Algeria,0,NA,12,NA
1352,305,Nigeria,0,NA,1,NA
1353,305,Senegal,0,NA,4,NA
1354,305,International_conveyance_diamond_princess,6,NA,706,NA
1355,306,China,3045,NA,80711,102
1356,306,Korea,42,NA,6284,NA
1357,306,Japan,6,NA,349,NA
1358,306,Singapore,0,NA,117,NA
1359,306,Australia,2,NA,57,NA
1360,306,Malaysia,0,NA,55,NA
1361,306,Vietnam,0,NA,16,NA
1362,306,Philippines,1,NA,5,NA
1363,306,Cambodia,0,NA,1,NA
1364,306,New_zealand,0,NA,4,NA
1365,306,Thailand,1,NA,47,NA
1366,306,India,0,NA,30,NA
1367,306,Indonesia,0,NA,2,NA
1368,306,Bhutan,0,NA,1,NA
1369,306,Nepal,0,NA,1,NA
1370,306,Srilank,0,NA,1,NA
1371,306,USA,10,NA,148,NA
1372,306,Canada,0,NA,45,NA
1373,306,Mexico,0,NA,5,NA
1374,306,Brazil,0,NA,7,NA
1375,306,Dominican_republic,0,NA,1,NA
1376,306,Ecuador,0,NA,13,NA
1377,306,Argentina,0,NA,1,NA
1378,306,Chile,0,NA,1,NA
1379,306,Saint_Martin,0,NA,2,NA
1380,306,Saint_Barthelemy,0,NA,1,NA
1381,306,Italy,148,NA,3858,NA
1382,306,Germany,0,NA,534,NA
1383,306,France,6,NA,420,NA
1384,306,UK,0,NA,118,NA
1385,306,Israel,0,NA,15,NA
1386,306,Russian.Federation,0,NA,4,NA
1387,306,Bosnia_and_Herzegovina,0,NA,2,NA
1388,306,Armenia,0,NA,1,NA
1389,306,San_marino,0,NA,21,NA
1390,306,Belarus,0,NA,6,NA
1391,306,Luxembourg,0,NA,1,NA
1392,306,Lithuania,0,NA,1,NA
1393,306,Netherlands,0,NA,82,NA
1394,306,Czechia,0,NA,12,NA
1395,306,Azerbaijan,0,NA,3,NA
1396,306,Spain,3,NA,257,NA
1397,306,Belgium,0,NA,50,NA
1398,306,Finland,0,NA,12,NA
1399,306,Sweden,0,NA,61,NA
1400,306,Austria,0,NA,47,NA
1401,306,Croatia,0,NA,10,NA
1402,306,Swizterland,1,NA,86,NA
1403,306,Portugal,0,NA,9,NA
1404,306,Andorra,0,NA,1,NA
1405,306,Denmark,0,NA,18,NA
1406,306,Estonia,0,NA,3,NA
1407,306,Hungary,0,NA,2,NA
1408,306,Georgia,0,NA,9,NA
1409,306,Greece,0,NA,32,NA
1410,306,Ireland,0,NA,14,NA
1411,306,Latvia,0,NA,1,NA
1412,306,Monaco,0,NA,1,NA
1413,306,North_Macedonia,0,NA,1,NA
1414,306,Norway,0,NA,86,NA
1415,306,Romania,0,NA,6,NA
1416,306,Iceland,0,NA,26,NA
1417,306,Poland,0,NA,1,NA
1418,306,Slovenia,0,NA,6,NA
1419,306,Serbia,0,NA,1,NA
1420,306,Ukraine,0,NA,1,NA
1421,306,Liechtenstein,0,NA,1,NA
1422,306,Gibraltar,0,NA,1,NA
1423,306,Iran,107,NA,3513,NA
1424,306,UAE,0,NA,27,NA
1425,306,Bahrain,0,NA,49,NA
1426,306,Kuwait,0,NA,58,NA
1427,306,Oman,0,NA,16,NA
1428,306,Afghanistan,0,NA,1,NA
1429,306,Egypt,0,NA,3,NA
1430,306,Iraq,2,NA,36,NA
1431,306,Lebanon,0,NA,16,NA
1432,306,Pakistan,0,NA,5,NA
1433,306,Qatar,0,NA,8,NA
1434,306,Jordan,0,NA,1,NA
1435,306,Morocco,0,NA,2,NA
1436,306,Saudi_Arabia,0,NA,8,NA
1437,306,Tunisia,0,NA,1,NA
1438,306,Occupied_Palestinian_territory,0,NA,7,NA
1439,306,Algeria,0,NA,12,NA
1440,306,Cameroon,0,NA,1,NA
1441,306,Nigeria,0,NA,1,NA
1442,306,South_Africa,0,NA,1,NA
1443,306,Senegal,0,NA,4,NA
1444,306,International_conveyance_diamond_princess,6,NA,696,NA
1445,307,China,3073,NA,80813,99
1446,307,Korea,44,NA,6767,NA
1447,307,Japan,6,NA,408,NA
1448,307,Singapore,0,NA,130,NA
1449,307,Australia,2,NA,62,NA
1450,307,Malaysia,0,NA,83,NA
1451,307,Vietnam,0,NA,17,NA
1452,307,Philippines,1,NA,5,NA
1453,307,Cambodia,0,NA,1,NA
1454,307,New_zealand,0,NA,5,NA
1455,307,Thailand,1,NA,48,NA
1456,307,India,0,NA,31,NA
1457,307,Indonesia,0,NA,2,NA
1458,307,Bhutan,0,NA,1,NA
1459,307,Nepal,0,NA,1,NA
1460,307,Srilank,0,NA,1,NA
1461,307,USA,11,NA,213,NA
1462,307,Canada,0,NA,51,NA
1463,307,Mexico,0,NA,5,NA
1464,307,Brazil,0,NA,13,NA
1465,307,Dominican_republic,0,NA,1,NA
1466,307,Ecuador,0,NA,14,NA
1467,307,Argentina,0,NA,2,NA
1468,307,Chile,0,NA,5,NA
1469,307,Colombia,0,NA,1,NA
1470,307,Peru,0,NA,1,NA
1471,307,Saint_Martin,0,NA,2,NA
1472,307,Saint_Barthelemy,0,NA,1,NA
1473,307,Italy,197,NA,4636,NA
1474,307,Germany,0,NA,639,NA
1475,307,France,9,NA,613,NA
1476,307,UK,1,NA,167,NA
1477,307,Israel,0,NA,19,NA
1478,307,Russian.Federation,0,NA,7,NA
1479,307,Bosnia_and_Herzegovina,0,NA,2,NA
1480,307,Armenia,0,NA,1,NA
1481,307,San_marino,0,NA,24,NA
1482,307,Belarus,0,NA,6,NA
1483,307,Luxembourg,0,NA,2,NA
1484,307,Lithuania,0,NA,1,NA
1485,307,Netherlands,1,NA,128,NA
1486,307,Czechia,0,NA,12,NA
1487,307,Azerbaijan,0,NA,9,NA
1488,307,Spain,5,NA,374,NA
1489,307,Belgium,0,NA,109,NA
1490,307,Finland,0,NA,19,NA
1491,307,Sweden,0,NA,137,NA
1492,307,Austria,0,NA,66,NA
1493,307,Croatia,0,NA,11,NA
1494,307,Swizterland,1,NA,209,NA
1495,307,Portugal,0,NA,13,NA
1496,307,Andorra,0,NA,1,NA
1497,307,Holy_See,0,NA,1,NA
1498,307,Slovakia,0,NA,1,NA
1499,307,Denmark,0,NA,23,NA
1500,307,Estonia,0,NA,10,NA
1501,307,Hungary,0,NA,5,NA
1502,307,Georgia,0,NA,9,NA
1503,307,Greece,0,NA,32,NA
1504,307,Ireland,0,NA,18,NA
1505,307,Latvia,0,NA,1,NA
1506,307,Monaco,0,NA,1,NA
1507,307,North_Macedonia,0,NA,3,NA
1508,307,Norway,0,NA,113,NA
1509,307,Romania,0,NA,7,NA
1510,307,Iceland,0,NA,45,NA
1511,307,Poland,0,NA,5,NA
1512,307,Slovenia,0,NA,9,NA
1513,307,Serbia,0,NA,1,NA
1514,307,Ukraine,0,NA,1,NA
1515,307,Liechtenstein,0,NA,1,NA
1516,307,Gibraltar,0,NA,1,NA
1517,307,Iran,124,NA,4747,NA
1518,307,UAE,0,NA,45,NA
1519,307,Bahrain,0,NA,49,NA
1520,307,Kuwait,0,NA,58,NA
1521,307,Oman,0,NA,16,NA
1522,307,Afghanistan,0,NA,1,NA
1523,307,Egypt,0,NA,3,NA
1524,307,Iraq,4,NA,44,NA
1525,307,Lebanon,0,NA,22,NA
1526,307,Pakistan,0,NA,5,NA
1527,307,Qatar,0,NA,11,NA
1528,307,Jordan,0,NA,1,NA
1529,307,Morocco,0,NA,2,NA
1530,307,Saudi_Arabia,0,NA,8,NA
1531,307,Tunisia,0,NA,1,NA
1532,307,Occupied_Palestinian_territory,0,NA,16,NA
1533,307,Algeria,0,NA,17,NA
1534,307,Cameroon,0,NA,2,NA
1535,307,Nigeria,0,NA,1,NA
1536,307,South_Africa,0,NA,1,NA
1537,307,Senegal,0,NA,4,NA
1538,307,Togo,0,NA,1,NA
1539,307,International_conveyance_diamond_princess,6,NA,696,NA
1540,308,China,3100,NA,80859,84
1541,308,Korea,50,NA,7134,NA
1542,308,Japan,6,NA,455,NA
1543,308,Singapore,0,NA,138,NA
1544,308,Australia,3,NA,74,NA
1545,308,Malaysia,0,NA,93,NA
1546,308,Vietnam,0,NA,21,NA
1547,308,Philippines,1,NA,6,NA
1548,308,Cambodia,0,NA,2,NA
1549,308,New_zealand,0,NA,5,NA
1550,308,Thailand,1,NA,50,NA
1551,308,India,0,NA,34,NA
1552,308,Indonesia,0,NA,4,NA
1553,308,Maldives,0,NA,2,NA
1554,308,Bhutan,0,NA,1,NA
1555,308,Nepal,0,NA,1,NA
1556,308,Srilank,0,NA,1,NA
1557,308,USA,11,NA,213,NA
1558,308,Canada,0,NA,57,NA
1559,308,Mexico,0,NA,7,NA
1560,308,Brazil,0,NA,19,NA
1561,308,Dominican_republic,0,NA,1,NA
1562,308,Ecuador,0,NA,14,NA
1563,308,Argentina,1,NA,9,NA
1564,308,Chile,0,NA,5,NA
1565,308,Colombia,0,NA,1,NA
1566,308,Costa_rica,0,NA,5,NA
1567,308,Peru,0,NA,6,NA
1568,308,French_Guiana,0,NA,5,NA
1569,308,Martinique,0,NA,2,NA
1570,308,Saint_Martin,0,NA,2,NA
1571,308,Saint_Barthelemy,0,NA,1,NA
1572,308,Italy,234,NA,5883,NA
1573,308,Germany,0,NA,795,NA
1574,308,France,10,NA,706,NA
1575,308,UK,2,NA,210,NA
1576,308,Israel,0,NA,25,NA
1577,308,Russian.Federation,0,NA,7,NA
1578,308,Bulgaria,0,NA,2,NA
1579,308,Bosnia_and_Herzegovina,0,NA,2,NA
1580,308,Armenia,0,NA,1,NA
1581,308,San_marino,1,NA,27,NA
1582,308,Belarus,0,NA,6,NA
1583,308,Luxembourg,0,NA,2,NA
1584,308,Lithuania,0,NA,1,NA
1585,308,Netherlands,1,NA,188,NA
1586,308,Czechia,0,NA,26,NA
1587,308,Azerbaijan,0,NA,9,NA
1588,308,Spain,5,NA,430,NA
1589,308,Belgium,0,NA,169,NA
1590,308,Finland,0,NA,19,NA
1591,308,Sweden,0,NA,161,NA
1592,308,Austria,0,NA,104,NA
1593,308,Croatia,0,NA,11,NA
1594,308,Swizterland,2,NA,264,NA
1595,308,Portugal,0,NA,21,NA
1596,308,Andorra,0,NA,1,NA
1597,308,Holy_See,0,NA,1,NA
1598,308,Slovakia,0,NA,3,NA
1599,308,Denmark,0,NA,31,NA
1600,308,Estonia,0,NA,10,NA
1601,308,Hungary,0,NA,7,NA
1602,308,Georgia,0,NA,12,NA
1603,308,Greece,0,NA,66,NA
1604,308,Ireland,0,NA,19,NA
1605,308,Latvia,0,NA,1,NA
1606,308,Monaco,0,NA,1,NA
1607,308,North_Macedonia,0,NA,3,NA
1608,308,Norway,0,NA,147,NA
1609,308,Romania,0,NA,13,NA
1610,308,Iceland,0,NA,45,NA
1611,308,Poland,0,NA,6,NA
1612,308,Malta,0,NA,3,NA
1613,308,Slovenia,0,NA,12,NA
1614,308,Serbia,0,NA,1,NA
1615,308,Ukraine,0,NA,1,NA
1616,308,Liechtenstein,0,NA,1,NA
1617,308,Republic_of_Moldova,0,NA,1,NA
1618,308,Faroe_island,0,NA,1,NA
1619,308,Gibraltar,0,NA,1,NA
1620,308,Iran,145,NA,5823,NA
1621,308,UAE,0,NA,45,NA
1622,308,Bahrain,0,NA,56,NA
1623,308,Kuwait,0,NA,62,NA
1624,308,Oman,0,NA,16,NA
1625,308,Afghanistan,0,NA,4,NA
1626,308,Egypt,0,NA,48,NA
1627,308,Iraq,4,NA,54,NA
1628,308,Lebanon,0,NA,28,NA
1629,308,Pakistan,0,NA,5,NA
1630,308,Qatar,0,NA,12,NA
1631,308,Jordan,0,NA,1,NA
1632,308,Morocco,0,NA,2,NA
1633,308,Saudi_Arabia,0,NA,8,NA
1634,308,Tunisia,0,NA,1,NA
1635,308,Occupied_Palestinian_territory,0,NA,16,NA
1636,308,Algeria,0,NA,17,NA
1637,308,Cameroon,0,NA,2,NA
1638,308,Nigeria,0,NA,1,NA
1639,308,South_Africa,0,NA,2,NA
1640,308,Senegal,0,NA,4,NA
1641,308,Togo,0,NA,1,NA
1642,308,International_conveyance_diamond_princess,7,NA,696,NA
